{
  "num_frames": 312,
  "num_anomalies": 0,
  "anomaly_ratio": 0.0,
  "threshold": 0.5,
  "segments": [],
  "scores": [
    0.16447117924690247,
    0.16379986703395844,
    0.16353046894073486,
    0.1626012772321701,
    0.15928331017494202,
    0.15995928645133972,
    0.16132846474647522,
    0.16134147346019745,
    0.16243693232536316,
    0.16416852176189423,
    0.16268029808998108,
    0.1615108698606491,
    0.16140088438987732,
    0.16118350625038147,
    0.16222579777240753,
    0.16251155734062195,
    0.163926362991333,
    0.16568151116371155,
    0.16490904986858368,
    0.1638421267271042,
    0.16717207431793213,
    0.16602948307991028,
    0.16107133030891418,
    0.16220232844352722,
    0.16036184132099152,
    0.15655948221683502,
    0.15306536853313446,
    0.15526185929775238,
    0.15049484372138977,
    0.1489720344543457,
    0.1483837366104126,
    0.15104147791862488,
    0.14819946885108948,
    0.14914122223854065,
    0.15102307498455048,
    0.15438637137413025,
    0.15374481678009033,
    0.1582944542169571,
    0.16028082370758057,
    0.15999135375022888,
    0.15380342304706573,
    0.15278129279613495,
    0.15009334683418274,
    0.1498573273420334,
    0.1542544662952423,
    0.15736491978168488,
    0.16032320261001587,
    0.15937328338623047,
    0.16008977591991425,
    0.15871480107307434,
    0.16058564186096191,
    0.16198234260082245,
    0.17152556777000427,
    0.17233864963054657,
    0.17053988575935364,
    0.16738303005695343,
    0.16243620216846466,
    0.15470853447914124,
    0.15175479650497437,
    0.15175925195217133,
    0.15494176745414734,
    0.1551944762468338,
    0.15000391006469727,
    0.14581793546676636,
    0.1365385353565216,
    0.1292841136455536,
    0.12686164677143097,
    0.12569113075733185,
    0.1346942037343979,
    0.14362666010856628,
    0.1460253745317459,
    0.14959211647510529,
    0.1624959260225296,
    0.17539262771606445,
    0.1955913007259369,
    0.2211722880601883,
    0.24005302786827087,
    0.2516985535621643,
    0.2593361437320709,
    0.25996947288513184,
    0.26227277517318726,
    0.2736879289150238,
    0.2642323672771454,
    0.25457996129989624,
    0.24944905936717987,
    0.2328660786151886,
    0.21557526290416718,
    0.21819916367530823,
    0.2101058065891266,
    0.20140257477760315,
    0.20091506838798523,
    0.19518175721168518,
    0.20577788352966309,
    0.22069001197814941,
    0.22801730036735535,
    0.23060984909534454,
    0.23439988493919373,
    0.22350139915943146,
    0.21293547749519348,
    0.20045670866966248,
    0.20206370949745178,
    0.19696469604969025,
    0.185504749417305,
    0.18003955483436584,
    0.18034833669662476,
    0.17569378018379211,
    0.17501166462898254,
    0.18085132539272308,
    0.18350054323673248,
    0.19676576554775238,
    0.1969059407711029,
    0.20304426550865173,
    0.2059391289949417,
    0.20976856350898743,
    0.20298078656196594,
    0.2058524191379547,
    0.20321659743785858,
    0.20406150817871094,
    0.20249323546886444,
    0.1975669413805008,
    0.19173075258731842,
    0.1898045837879181,
    0.1874191015958786,
    0.1854507029056549,
    0.19062015414237976,
    0.1966952532529831,
    0.2041730135679245,
    0.21471746265888214,
    0.22310419380664825,
    0.2325560599565506,
    0.23753952980041504,
    0.23063147068023682,
    0.22283439338207245,
    0.21005573868751526,
    0.19857294857501984,
    0.18820568919181824,
    0.18901169300079346,
    0.18597206473350525,
    0.1861404925584793,
    0.1861235797405243,
    0.18770544230937958,
    0.18173785507678986,
    0.1811572015285492,
    0.18425798416137695,
    0.19445912539958954,
    0.20036891102790833,
    0.2213967740535736,
    0.24172954261302948,
    0.26300227642059326,
    0.28043878078460693,
    0.3007235825061798,
    0.30851882696151733,
    0.31606951355934143,
    0.32018208503723145,
    0.315082848072052,
    0.30632761120796204,
    0.28718921542167664,
    0.26698046922683716,
    0.24947324395179749,
    0.24321380257606506,
    0.24680271744728088,
    0.25859129428863525,
    0.2690334618091583,
    0.280862033367157,
    0.2700302004814148,
    0.2585742175579071,
    0.2490016669034958,
    0.2350142002105713,
    0.220915749669075,
    0.21135398745536804,
    0.20028802752494812,
    0.19382856786251068,
    0.18755224347114563,
    0.17907485365867615,
    0.1811753809452057,
    0.17966023087501526,
    0.1753106713294983,
    0.17363135516643524,
    0.16936427354812622,
    0.176977276802063,
    0.17791421711444855,
    0.17987941205501556,
    0.17776407301425934,
    0.17364241182804108,
    0.16466298699378967,
    0.16719797253608704,
    0.16818295419216156,
    0.1715734452009201,
    0.1781134158372879,
    0.17085620760917664,
    0.1684248447418213,
    0.1688096523284912,
    0.1769345998764038,
    0.19311265647411346,
    0.2039882391691208,
    0.20779064297676086,
    0.21389703452587128,
    0.2146914303302765,
    0.21270565688610077,
    0.2205715924501419,
    0.2291603535413742,
    0.23556920886039734,
    0.24334749579429626,
    0.2450985163450241,
    0.24514159560203552,
    0.24404147267341614,
    0.23772533237934113,
    0.23108716309070587,
    0.23167352378368378,
    0.2336522787809372,
    0.23199959099292755,
    0.23459434509277344,
    0.2368447333574295,
    0.22987325489521027,
    0.2370556890964508,
    0.24157118797302246,
    0.24558427929878235,
    0.2477637529373169,
    0.2532180845737457,
    0.24506382644176483,
    0.250934362411499,
    0.2578655183315277,
    0.26641741394996643,
    0.2801024317741394,
    0.2961243987083435,
    0.3052600920200348,
    0.3046795427799225,
    0.3043830990791321,
    0.299405038356781,
    0.29516395926475525,
    0.2883954644203186,
    0.28462332487106323,
    0.28125789761543274,
    0.2740730345249176,
    0.261893630027771,
    0.25146859884262085,
    0.24518385529518127,
    0.23532605171203613,
    0.22503678500652313,
    0.21581915020942688,
    0.20811156928539276,
    0.19946596026420593,
    0.19185921549797058,
    0.1952335685491562,
    0.19715876877307892,
    0.19377534091472626,
    0.19268152117729187,
    0.19381579756736755,
    0.18808254599571228,
    0.18775567412376404,
    0.18800228834152222,
    0.18708834052085876,
    0.19204072654247284,
    0.19419115781784058,
    0.19514629244804382,
    0.1993338018655777,
    0.201043963432312,
    0.1949109584093094,
    0.19227944314479828,
    0.1970384418964386,
    0.19832535088062286,
    0.20027346909046173,
    0.2062714397907257,
    0.21028578281402588,
    0.20771284401416779,
    0.20379967987537384,
    0.20322652161121368,
    0.20191022753715515,
    0.20989075303077698,
    0.2251066267490387,
    0.240739107131958,
    0.24913044273853302,
    0.25661700963974,
    0.25353139638900757,
    0.24517245590686798,
    0.2495485246181488,
    0.2710108160972595,
    0.27065974473953247,
    0.27645552158355713,
    0.2761344611644745,
    0.264454185962677,
    0.23833617568016052,
    0.2323753535747528,
    0.22276921570301056,
    0.21147827804088593,
    0.2009672224521637,
    0.19148436188697815,
    0.1775951385498047,
    0.16965249180793762,
    0.17434373497962952,
    0.18235932290554047,
    0.18978813290596008,
    0.20085999369621277,
    0.20338568091392517,
    0.19831416010856628,
    0.18992039561271667,
    0.18352913856506348,
    0.17977342009544373,
    0.18146726489067078,
    0.18187277019023895,
    0.18520519137382507,
    0.18692001700401306,
    0.1927051544189453,
    0.2013734132051468,
    0.21152237057685852,
    0.21360814571380615,
    0.2195882797241211,
    0.22887305915355682,
    0.223648339509964,
    0.21941430866718292,
    0.22273573279380798,
    0.226407989859581
  ],